股票代码,股票名称,综合诊断评分,打败百分比(%),投资评级,短期趋势,中期趋势,长期趋势,技术面评分,资金面评分,消息面评分,行业面评分,基本面评分
601336,新华保险,7.2,100,买入,该股进入多头行情中，股价短线上涨概率较大。,上涨趋势有所减缓，可适量高抛低吸。,已有101家主力机构披露2026-06-30报告期持股数据，持仓量总计3804.87万股，占流通A股1.82%,7.8,5.4,8.4,7.8,6.9
600028,中国石化,7.1,99,买入,短期的强势行情可能结束，投资者及时短线卖出、离场观望为宜。,正处于反弹阶段。,已有72家主力机构披露2026-06-30报告期持股数据，持仓量总计857.67亿股，占流通A股90.52%,7.3,6.8,7.4,7.8,6.7
601318,中国平安,7.1,99,买入,强势上涨过程中，可逢低买进，暂不考虑做空。,正处于反弹阶段。,已有691家主力机构披露2026-06-30报告期持股数据，持仓量总计35.17亿股，占流通A股32.99%,7.2,7.3,7.4,7.8,6.3
601398,工商银行,7.1,99,买入,强势上涨过程中，可逢低买进，暂不考虑做空。,有加速上涨趋势。,已有239家主力机构披露2026-06-30报告期持股数据，持仓量总计6.37亿股，占流通A股0.24%,8.4,6.2,5.5,7.8,6.9
600919,江苏银行,7.0,99,买入,股价的强势特征已经确立，短线可能回调。,有加速上涨趋势。,已有232家主力机构披露2026-06-30报告期持股数据，持仓量总计80.09亿股，占流通A股43.64%,8.2,6.4,6.5,4.3,7.5
601169,北京银行,7.0,99,买入,强势上涨过程中，可逢低买进，暂不考虑做空。,有加速上涨趋势。,已有13家主力机构披露2026-06-30报告期持股数据，持仓量总计2029.92万股，占流通A股0.10%,8.2,6.7,5.5,7.8,6.3
688036,传音控股（688036）,7.0,99,买入,前期的强势行情已经结束，投资者及时卖出股票为为宜。,上涨趋势有所减缓，可适量高抛低吸。,已有61家主力机构披露2026-06-30报告期持股数据，持仓量总计7.89亿股，占流通A股68.55%,7.8,7.2,7.7,2.8,7.0
600039,四川路桥,6.9,99,增持,强势上涨过程中，可逢低买进，暂不考虑做空。,上涨趋势有所减缓，可适量高抛低吸。,已有5家主力机构披露2026-06-30报告期持股数据，持仓量总计227.77万股，占流通A股0.03%,8.6,5.6,5.5,7.2,6.7
002241,歌尔股份,6.8,99,增持,强势上涨过程中，可逢低买进，暂不考虑做空。,已发现中线买入信号。,已有27家主力机构披露2026-06-30报告期持股数据，持仓量总计7.33亿股，占流通A股23.32%,8.2,5.1,6,6.7,6.9
002415,海康威视,6.8,99,增持,弱势下跌过程中，可逢高卖出，暂不考虑买进。,上涨趋势有所减缓，可适量高抛低吸。,已有285家主力机构披露2026-06-30报告期持股数据，持仓量总计51.05亿股，占流通A股56.43%,7.0,5.9,6.9,6.5,7.4
600018,上港集团,6.8,99,增持,强势上涨过程中，可逢低买进，暂不考虑做空。,有加速上涨趋势。,已有6家主力机构披露2026-06-30报告期持股数据，持仓量总计340.90万股，占流通A股0.01%,8.2,6.4,6.3,6.8,5.7
601088,中国神华,6.8,99,增持,强势上涨过程中，可逢低买进，暂不考虑做空。,正处于反弹阶段。,已有167家主力机构披露2026-06-30报告期持股数据，持仓量总计1.28亿股，占流通A股0.78%,6.4,6.9,6.6,7.9,6.7
601898,中煤能源（601898）,6.8,99,增持,短期的强势行情可能结束，投资者及时短线卖出、离场观望为宜。,正处于反弹阶段。,已有61家主力机构披露2026-06-30报告期持股数据，持仓量总计81.79亿股，占流通A股89.37%,6.9,6.4,7.4,7.9,6.1
000977,浪潮信息,6.7,99,增持,弱势下跌过程中，可逢高卖出，暂不考虑买进。,上涨趋势有所减缓，可适量高抛低吸。,已有145家主力机构披露2026-06-30报告期持股数据，持仓量总计6756.41万股，占流通A股4.61%,6.5,4.7,8.4,6.5,7.4
002352,顺丰控股,6.7,99,增持,该股进入多头行情中，股价短线上涨概率较大。,正处于反弹阶段。,已有73家主力机构披露2026-06-30报告期持股数据，持仓量总计8634.32万股，占流通A股1.81%,7.4,7.0,5.5,7.0,6.4
003816,中国广核,6.7,99,增持,该股进入多头行情中，股价短线上涨概率较大。,正处于反弹阶段。,已有36家主力机构披露2026-06-30报告期持股数据，持仓量总计69.19亿股，占流通A股17.59%,7.8,7.8,5.6,2.9,6.8
600415,小商品城,6.7,99,增持,该股进入多头行情中，股价短线上涨概率较大。,正处于反弹阶段。,已有18家主力机构披露2026-06-30报告期持股数据，持仓量总计34.87亿股，占流通A股63.59%,7.8,4.4,7.4,6.5,6.7
600690,海尔智家,6.7,99,增持,前期的强势行情已经结束，投资者及时卖出股票为为宜。,正处于反弹阶段。,已有177家主力机构披露2026-06-30报告期持股数据，持仓量总计2.73亿股，占流通A股4.37%,6.8,6.7,5.5,5.9,7.5
600900,长江电力,6.7,99,增持,该股进入多头行情中，股价短线上涨概率较大。,有加速上涨趋势。,已有381家主力机构披露2026-06-30报告期持股数据，持仓量总计2.86亿股，占流通A股1.17%,7.6,6.5,5.8,5.2,7.0
600999,招商证券,6.7,99,增持,股价的强势特征已经确立，短线可能回调。,回落整理中且下跌有加速趋势。,已有105家主力机构披露2026-06-30报告期持股数据，持仓量总计54.91亿股，占流通A股73.98%,6.6,6.5,6.4,7.2,7.1
601058,赛轮轮胎,6.7,99,增持,该股进入多头行情中，股价短线上涨概率较大。,有加速上涨趋势。,已有65家主力机构披露2026-06-30报告期持股数据，持仓量总计1.61亿股，占流通A股4.89%,8.0,5.5,5.5,5.5,7.3
601288,农业银行,6.7,99,增持,强势上涨过程中，可逢低买进，暂不考虑做空。,正处于反弹阶段。,已有134家主力机构披露2026-06-30报告期持股数据，持仓量总计4.85亿股，占流通A股0.15%,6.4,6.8,5.5,7.8,7.1
601658,邮储银行,6.7,99,增持,强势上涨过程中，可逢低买进，暂不考虑做空。,有加速上涨趋势。,已有30家主力机构披露2026-06-30报告期持股数据，持仓量总计7009.44万股，占流通A股0.10%,8.2,7.3,5.5,4.3,6.1
601998,中信银行（601998）,6.7,99,增持,市场单边上涨中，可短期持有为主，小心回调。,正处于反弹阶段。,已有25家主力机构披露2026-06-30报告期持股数据，持仓量总计5121.48万股，占流通A股0.13%,7.8,5.6,5.5,7.8,6.4
000651,格力电器,6.6,98,增持,强势上涨过程中，可逢低买进，暂不考虑做空。,有加速上涨趋势。,已有325家主力机构披露2026-06-30报告期持股数据，持仓量总计2.90亿股，占流通A股5.26%,8.0,3.9,5.7,6.5,7.6
002311,海大集团,6.6,98,增持,弱势下跌过程中，可逢高卖出，暂不考虑买进。,上涨趋势有所减缓，可适量高抛低吸。,已有170家主力机构披露2026-06-30报告期持股数据，持仓量总计11.74亿股，占流通A股71.42%,5.7,6.3,6.9,7.3,7.6
600019,宝钢股份,6.6,98,增持,该股进入多头行情中，股价短线上涨概率较大。,正处于反弹阶段。,已有34家主力机构披露2026-06-30报告期持股数据，持仓量总计160.89亿股，占流通A股75.13%,7.2,4.9,7.2,6.6,6.7
600026,中远海能,6.6,98,增持,强势上涨过程中，可逢低买进，暂不考虑做空。,下跌有所减缓，仍应保持谨慎。,已有59家主力机构披露2026-06-30报告期持股数据，持仓量总计6332.41万股，占流通A股1.65%,6.6,5.5,7,6.8,7.3
601601,中国太保,6.6,98,增持,强势上涨过程中，可逢低买进，暂不考虑做空。,正处于反弹阶段。,已有149家主力机构披露2026-06-30报告期持股数据，持仓量总计1.52亿股，占流通A股2.23%,7.0,6.3,5.5,7.8,6.7
600015,华夏银行,6.5,97,增持,该股进入多头行情中，股价短线上涨概率较大。,正处于反弹阶段。,已有27家主力机构披露2026-06-30报告期持股数据，持仓量总计3809.54万股，占流通A股0.25%,6.8,7.0,5.5,7.8,5.8
600061,国投资本,6.5,97,增持,该股进入多头行情中，股价短线上涨概率较大。,上涨趋势有所减缓，可适量高抛低吸。,已有3家主力机构披露2026-06-30报告期持股数据，持仓量总计62.01万股，占流通A股0.01%,8.0,6.0,5,7.2,5.7
600150,中国船舶,6.5,98,增持,该股进入多头行情中，股价短线上涨概率较大。,正处于反弹阶段。,已有162家主力机构披露2026-06-30报告期持股数据，持仓量总计1.73亿股，占流通A股2.30%,6.3,5.4,7.1,5.2,7.8
601009,南京银行,6.5,98,增持,强势上涨过程中，可逢低买进，暂不考虑做空。,正处于反弹阶段。,已有93家主力机构披露2026-06-30报告期持股数据，持仓量总计91.36亿股，占流通A股73.89%,6.3,5.1,6.9,7.8,7.2
601688,华泰证券,6.5,98,增持,该股进入多头行情中，股价短线上涨概率较大。,回落整理中且下跌有加速趋势。,已有228家主力机构披露2026-06-30报告期持股数据，持仓量总计6.80亿股，占流通A股9.30%,5.9,5.7,8.4,7.2,6.6
601766,中国中车,6.5,98,增持,强势上涨过程中，可逢低买进，暂不考虑做空。,正处于反弹阶段。,已有45家主力机构披露2026-06-30报告期持股数据，持仓量总计159.93亿股，占流通A股65.74%,7.2,4.9,7.4,3.5,7.4
601838,成都银行,6.5,98,增持,强势上涨过程中，可逢低买进，暂不考虑做空。,有加速上涨趋势。,已有56家主力机构披露2026-06-30报告期持股数据，持仓量总计1.28亿股，占流通A股3.02%,7.4,6.3,5.5,4.3,7.0
601919,中远海控（601919）,6.5,98,增持,强势上涨过程中，可逢低买进，暂不考虑做空。,有加速上涨趋势。,已有92家主力机构披露2026-06-30报告期持股数据，持仓量总计2.29亿股，占流通A股1.82%,8.9,5.4,5.5,6.8,5.0
601939,建设银行（601939）,6.5,98,增持,强势上涨过程中，可逢低买进，暂不考虑做空。,有加速上涨趋势。,已有114家主力机构披露2026-06-30报告期持股数据，持仓量总计1.26亿股，占流通A股1.31%,8.2,4.3,4.4,7.8,6.8
000301,东方盛虹,6.4,96,增持,强势上涨过程中，可逢低买进，暂不考虑做空。,上涨趋势有所减缓，可适量高抛低吸。,已有10家主力机构披露2026-06-30报告期持股数据，持仓量总计5004.89万股，占流通A股0.76%,7.3,4.1,6.2,7.5,6.8
000333,美的集团,6.4,96,增持,强势上涨过程中，可逢低买进，暂不考虑做空。,有加速上涨趋势。,已有752家主力机构披露2026-06-30报告期持股数据，持仓量总计2.57亿股，占流通A股3.74%,7.8,4.9,5.5,3.0,7.8
000895,双汇发展,6.4,96,增持,弱势下跌过程中，可逢高卖出，暂不考虑买进。,正处于反弹阶段。,已有76家主力机构披露2026-06-30报告期持股数据，持仓量总计7190.23万股，占流通A股2.08%,6.7,6.8,5,6.7,6.6
600886,国投电力,6.4,97,增持,弱势下跌过程中，可逢高卖出，暂不考虑买进。,有加速上涨趋势。,已有61家主力机构披露2026-06-30报告期持股数据，持仓量总计9613.29万股，占流通A股1.29%,8.2,3.7,6.1,5.2,6.9
600887,伊利股份,6.4,97,增持,该股进入多头行情中，股价短线上涨概率较大。,正处于反弹阶段。,已有230家主力机构披露2026-06-30报告期持股数据，持仓量总计2.83亿股，占流通A股4.50%,6.4,6.0,5.7,5.9,7.2
601006,大秦铁路,6.4,97,增持,该股进入多头行情中，股价短线上涨概率较大。,正处于反弹阶段。,已有74家主力机构披露2026-06-30报告期持股数据，持仓量总计129.06亿股，占流通A股64.98%,6.8,5.9,6.8,7.5,5.7
601225,陕西煤业,6.4,97,增持,强势上涨过程中，可逢低买进，暂不考虑做空。,正处于反弹阶段。,已有99家主力机构披露2026-06-30报告期持股数据，持仓量总计1.61亿股，占流通A股1.66%,6.2,5.5,8.4,4.4,6.9
601319,中国人保,6.4,97,增持,强势上涨过程中，可逢低买进，暂不考虑做空。,上涨趋势有所减缓，可适量高抛低吸。,已有21家主力机构披露2026-06-30报告期持股数据，持仓量总计4427.61万股，占流通A股0.12%,7.8,6.4,5.5,4.3,5.9
601628,中国人寿,6.4,97,增持,该股进入多头行情中，股价短线上涨概率较大。,上涨趋势有所减缓，可适量高抛低吸。,已有93家主力机构披露2026-06-30报告期持股数据，持仓量总计5314.50万股，占流通A股0.26%,7.7,4.9,6,7.8,5.8
603993,洛阳钼业（603993）,6.4,97,增持,该股进入多头行情中，股价短线上涨概率较大。,有加速下跌的趋势。,已有206家主力机构披露2026-06-30报告期持股数据，持仓量总计64.78亿股，占流通A股37.10%,5.1,6.3,7,7.7,7.1
000001,平安银行,6.3,95,增持,股价的强势特征已经确立，短线可能回调。,正处于反弹阶段。,已有94家主力机构披露2026-06-30报告期持股数据，持仓量总计126.86亿股，占流通A股65.37%,6.9,5.1,6.6,7.5,5.9
001965,招商公路,6.3,95,增持,强势上涨过程中，可逢低买进，暂不考虑做空。,正处于反弹阶段。,已有28家主力机构披露2026-06-30报告期持股数据，持仓量总计57.49亿股，占流通A股84.61%,6.9,7.2,5.5,3.6,6.3
002142,宁波银行,6.3,95,增持,强势上涨过程中，可逢低买进，暂不考虑做空。,正处于反弹阶段。,已有248家主力机构披露2026-06-30报告期持股数据，持仓量总计43.95亿股，占流通A股66.60%,6.4,3.9,6.9,7.5,7.3
300433,蓝思科技,6.3,96,增持,强势上涨过程中，可逢低买进，暂不考虑做空。,上涨趋势有所减缓，可适量高抛低吸。,已有63家主力机构披露2026-06-30报告期持股数据，持仓量总计34.70亿股，占流通A股69.85%,8.6,4.0,7.3,3.2,6.1
600009,上海机场,6.3,96,增持,弱势下跌过程中，可逢高卖出，暂不考虑买进。,正处于反弹阶段。,已有16家主力机构披露2026-06-30报告期持股数据，持仓量总计12.39亿股，占流通A股60.56%,6.6,6.0,6.6,6.1,6.0
600036,招商银行,6.3,96,增持,强势上涨过程中，可逢低买进，暂不考虑做空。,正处于反弹阶段。,已有591家主力机构披露2026-06-30报告期持股数据，持仓量总计5.42亿股，占流通A股2.63%,6.1,6.8,5.5,7.8,5.9
600066,宇通客车,6.3,96,增持,弱势下跌过程中，可逢高卖出，暂不考虑买进。,正处于反弹阶段。,已有94家主力机构披露2026-06-30报告期持股数据，持仓量总计14.63亿股，占流通A股66.06%,7.5,5.6,6.4,5.2,5.7
600585,海螺水泥,6.3,96,增持,该股进入多头行情中，股价短线上涨概率较大。,正处于反弹阶段。,已有51家主力机构披露2026-06-30报告期持股数据，持仓量总计7899.57万股，占流通A股1.98%,7.5,5.8,5.5,6.3,5.8
600660,福耀玻璃,6.3,96,增持,强势上涨过程中，可逢低买进，暂不考虑做空。,正处于反弹阶段。,已有106家主力机构披露2026-06-30报告期持股数据，持仓量总计10.85亿股，占流通A股54.15%,6.9,3.9,7.7,5.5,6.9
600674,川投能源,6.3,96,增持,强势上涨过程中，可逢低买进，暂不考虑做空。,正处于反弹阶段。,已有119家主力机构披露2026-06-30报告期持股数据，持仓量总计35.80亿股，占流通A股73.44%,7.4,5.8,5.5,5.2,6.5
600918,中泰证券,6.3,96,增持,股价的强势特征已经确立，短线可能回调。,正处于反弹阶段。,已有11家主力机构披露2026-06-30报告期持股数据，持仓量总计20.97亿股，占流通A股45.95%,7.8,7.2,5.1,3.7,5.4
600989,宝丰能源,6.3,96,增持,弱势下跌过程中，可逢高卖出，暂不考虑买进。,正处于反弹阶段。,已有64家主力机构披露2026-06-30报告期持股数据，持仓量总计50.34亿股，占流通A股68.64%,5.5,6.3,6.8,4.2,7.8
601618,中国中冶,6.3,96,增持,该股进入多头行情中，股价短线上涨概率较大。,正处于反弹阶段。,已有1家主力机构披露2026-06-30报告期持股数据，持仓量总计223.74万股，占流通A股0.01%,7.2,5.0,5.5,7.2,6.3
601800,中国交建,6.3,96,增持,弱势下跌过程中，可逢高卖出，暂不考虑买进。,正处于反弹阶段。,已有3家主力机构披露2026-06-30报告期持股数据，持仓量总计630.66万股，占流通A股0.05%,5.9,6.6,5.5,7.2,6.5
601988,中国银行（601988）,6.3,96,增持,强势上涨过程中，可逢低买进，暂不考虑做空。,正处于反弹阶段。,已有96家主力机构披露2026-06-30报告期持股数据，持仓量总计2.28亿股，占流通A股0.11%,7.2,5.6,5.5,7.8,5.8
000708,中信特钢,6.2,93,增持,该股进入多头行情中，股价短线上涨概率较大。,正处于反弹阶段。,已有59家主力机构披露2026-06-30报告期持股数据，持仓量总计44.88亿股，占流通A股88.91%,6.8,4.8,6,6.2,6.6
002475,立讯精密,6.2,93,增持,该股进入多头行情中，股价短线上涨概率较大。,有加速下跌的趋势。,已有809家主力机构披露2026-06-30报告期持股数据，持仓量总计40.37亿股，占流通A股55.29%,4.7,6.8,6.8,6.7,6.9
300394,天孚通信,6.2,94,增持,强势上涨过程中，可逢低买进，暂不考虑做空。,下跌有所减缓，仍应保持谨慎。,已有379家主力机构披露2026-06-30报告期持股数据，持仓量总计5.50亿股，占流通A股50.53%,7.4,5.1,6.5,3.5,6.6
300498,温氏股份,6.2,94,增持,强势上涨过程中，可逢低买进，暂不考虑做空。,上涨趋势有所减缓，可适量高抛低吸。,已有110家主力机构披露2026-06-30报告期持股数据，持仓量总计3.96亿股，占流通A股6.65%,6.7,6.5,5.7,3.8,6.6
300866,安克创新,6.2,94,增持,强势上涨过程中，可逢低买进，暂不考虑做空。,下跌有所减缓，仍应保持谨慎。,已有50家主力机构披露2026-06-30报告期持股数据，持仓量总计909.38万股，占流通A股2.96%,6.6,6.8,5.5,3.2,6.9
600027,华电国际,6.2,94,增持,该股进入多头行情中，股价短线上涨概率较大。,正处于反弹阶段。,已有6家主力机构披露2026-06-30报告期持股数据，持仓量总计1100.61万股，占流通A股0.12%,7.0,6.2,5.5,5.2,6.0
600795,国电电力,6.2,94,增持,股价的强势特征已经确立，短线可能回调。,正处于反弹阶段。,已有64家主力机构披露2026-06-30报告期持股数据，持仓量总计121.22亿股，占流通A股67.96%,7.7,4.4,6,5.2,6.3
601390,中国中铁,6.2,94,增持,该股进入多头行情中，股价短线上涨概率较大。,正处于反弹阶段。,已有23家主力机构披露2026-06-30报告期持股数据，持仓量总计5053.83万股，占流通A股0.25%,6.4,5.8,5.5,7.2,6.2
000166,申万宏源,6.1,91,增持,该股进入多头行情中，股价短线上涨概率较大。,上涨趋势有所减缓，可适量高抛低吸。,已有34家主力机构披露2026-06-30报告期持股数据，持仓量总计7.15亿股，占流通A股3.17%,8.2,6.0,5.3,3.5,5.2
000538,云南白药,6.1,91,增持,弱势下跌过程中，可逢高卖出，暂不考虑买进。,正处于反弹阶段。,已有50家主力机构披露2026-06-30报告期持股数据，持仓量总计3878.54万股，占流通A股2.19%,5.6,6.2,5,6.8,7.1
002558,巨人网络,6.1,91,增持,弱势下跌过程中，可逢高卖出，暂不考虑买进。,上涨趋势有所减缓，可适量高抛低吸。,已有76家主力机构披露2026-06-30报告期持股数据，持仓量总计9156.68万股，占流通A股4.82%,6.4,4.8,6.2,3.5,7.8
300502,新易盛,6.1,92,增持,弱势下跌过程中，可逢高卖出，暂不考虑买进。,回落整理中且下跌趋势有所减缓。,长期看好，有良好的投资价值。,5.6,5.9,6.6,3.5,7.5
300628,亿联网络,6.1,92,增持,强势上涨过程中，可逢低买进，暂不考虑做空。,正处于反弹阶段。,已有47家主力机构披露2026-06-30报告期持股数据，持仓量总计2.08亿股，占流通A股28.66%,6.8,5.7,6.9,3.5,6.0
300760,迈瑞医疗,6.1,92,增持,短期的强势行情可能结束，投资者及时短线卖出、离场观望为宜。,正处于反弹阶段。,已有82家主力机构披露2026-06-30报告期持股数据，持仓量总计4868.99万股，占流通A股4.02%,6.3,7.2,5.7,0.0,7.6
600926,杭州银行,6.1,92,增持,强势上涨过程中，可逢低买进，暂不考虑做空。,正处于反弹阶段。,已有82家主力机构披露2026-06-30报告期持股数据，持仓量总计1.22亿股，占流通A股1.69%,7.2,5.2,5.5,4.3,6.5
600941,中国移动,6.1,92,增持,短期的强势行情可能结束，投资者及时短线卖出、离场观望为宜。,正处于反弹阶段。,已有153家主力机构披露2026-06-30报告期持股数据，持仓量总计2.08亿股，占流通A股23.09%,6.7,6.2,7.2,1.6,6.3
601018,宁波港,6.1,92,增持,强势上涨过程中，可逢低买进，暂不考虑做空。,正处于反弹阶段。,已有5家主力机构披露2026-06-30报告期持股数据，持仓量总计135.62万股，占流通A股0.01%,6.4,6.9,5.6,6.8,5.3
601077,渝农商行,6.1,92,增持,强势上涨过程中，可逢低买进，暂不考虑做空。,正处于反弹阶段。,已有94家主力机构披露2026-06-30报告期持股数据，持仓量总计2.85亿股，占流通A股3.22%,6.4,5.7,5.5,4.3,7.0
601117,中国化学,6.1,92,增持,该股进入多头行情中，股价短线上涨概率较大。,下跌有所减缓，仍应保持谨慎。,已有25家主力机构披露2026-06-30报告期持股数据，持仓量总计6374.41万股，占流通A股1.05%,6.0,4.6,5.5,7.2,7.2
601166,兴业银行,6.1,92,增持,弱势下跌过程中，可逢高卖出，暂不考虑买进。,正处于反弹阶段。,已有188家主力机构披露2026-06-30报告期持股数据，持仓量总计2.60亿股，占流通A股1.23%,6.5,6.1,5.5,7.8,5.3
601818,光大银行,6.1,92,增持,强势上涨过程中，可逢低买进，暂不考虑做空。,正处于反弹阶段。,已有11家主力机构披露2026-06-30报告期持股数据，持仓量总计4299.56万股，占流通A股0.09%,6.8,6.5,5.5,7.8,4.7
601872,招商轮船（601872）,6.1,92,增持,强势上涨过程中，可逢低买进，暂不考虑做空。,有加速下跌的趋势。,已有139家主力机构披露2026-06-30报告期持股数据，持仓量总计2.29亿股，占流通A股2.84%,4.7,6.1,5.8,6.8,7.7
601899,紫金矿业（601899）,6.1,92,增持,强势上涨过程中，可逢低买进，暂不考虑做空。,正处于反弹阶段。,长期一般，有一定的投资价值。,6.4,6.6,6.5,3.5,6.1
601916,浙商银行（601916）,6.1,92,增持,该股进入多头行情中，股价短线上涨概率较大。,已发现中线买入信号。,已有10家主力机构披露2026-06-30报告期持股数据，持仓量总计2086.83万股，占流通A股0.10%,7.3,6.5,5.5,4.3,5.6
000630,铜陵有色,6.0,88,增持,该股进入多头行情中，股价短线上涨概率较大。,有加速下跌的趋势。,已有50家主力机构披露2026-06-30报告期持股数据，持仓量总计3.58亿股，占流通A股3.21%,4.6,5.2,8.4,7.3,6.3
002027,分众传媒,6.0,88,增持,弱势下跌过程中，可逢高卖出，暂不考虑买进。,正处于反弹阶段。,已有84家主力机构披露2026-06-30报告期持股数据，持仓量总计62.23亿股，占流通A股43.09%,6.0,4.8,6.2,6.0,7.0
600016,民生银行,6.0,89,增持,该股进入多头行情中，股价短线上涨概率较大。,正处于反弹阶段。,已有27家主力机构披露2026-06-30报告期持股数据，持仓量总计4.85亿股，占流通A股1.37%,6.6,6.3,5.5,7.8,4.6
600025,华能水电,6.0,89,增持,盘整震荡中，短期不宜操作。,有加速上涨趋势。,已有17家主力机构披露2026-06-30报告期持股数据，持仓量总计170.26亿股，占流通A股91.39%,7.6,6.1,6,1.8,5.8
600030,中信证券,6.0,89,增持,该股进入多头行情中，股价短线上涨概率较大。,回落整理中且下跌有加速趋势。,已有397家主力机构披露2026-06-30报告期持股数据，持仓量总计25.56亿股，占流通A股20.99%,5.3,4.5,6.7,7.2,7.3
600104,上汽集团,6.0,90,增持,该股进入多头行情中，股价短线上涨概率较大。,正处于反弹阶段。,已有29家主力机构披露2026-06-30报告期持股数据，持仓量总计1.73亿股，占流通A股1.51%,6.1,6.5,5.5,5.2,6.0
600930,华电新能,6.0,90,增持,弱势下跌过程中，可逢高卖出，暂不考虑买进。,正处于反弹阶段。,已有2家主力机构披露2026-06-30报告期持股数据，持仓量总计19.52万股，占流通A股0.01%,5.2,9.3,5.5,1.8,6.2
600938,中国海油,6.0,90,增持,强势上涨过程中，可逢低买进，暂不考虑做空。,正处于反弹阶段。,已有204家主力机构披露2026-06-30报告期持股数据，持仓量总计2.50亿股，占流通A股8.38%,7.8,3.6,5.5,3.6,7.2
601059,信达证券,6.0,90,增持,该股进入多头行情中，股价短线上涨概率较大。,上涨趋势有所减缓，可适量高抛低吸。,已有14家主力机构披露2026-06-30报告期持股数据，持仓量总计27.36亿股，占流通A股84.36%,7.0,6.0,6.5,3.7,5.3
601328,交通银行,6.0,90,增持,强势上涨过程中，可逢低买进，暂不考虑做空。,正处于反弹阶段。,已有99家主力机构披露2026-06-30报告期持股数据，持仓量总计3.74亿股，占流通A股1.43%,6.2,5.3,5.5,7.8,5.9
601600,中国铝业,6.0,90,增持,该股进入多头行情中，股价短线上涨概率较大。,正处于反弹阶段。,已有98家主力机构披露2026-06-30报告期持股数据，持仓量总计5.58亿股，占流通A股4.24%,5.2,4.5,7.4,7.7,6.5
603296,华勤技术（603296）,6.0,90,增持,弱势下跌过程中，可逢高卖出，暂不考虑买进。,上涨趋势有所减缓，可适量高抛低吸。,已有53家主力机构披露2026-06-30报告期持股数据，持仓量总计3.98亿股，占流通A股49.84%,6.1,5.6,6,2.8,7.6
000776,广发证券,5.9,85,中性,该股进入多头行情中，股价短线上涨概率较大。,回落整理中且下跌有加速趋势。,已有173家主力机构披露2026-06-30报告期持股数据，持仓量总计3.67亿股，占流通A股6.22%,5.1,5.4,4.8,7.0,7.3
000999,华润三九,5.9,86,中性,弱势下跌过程中，可逢高卖出，暂不考虑买进。,正处于反弹阶段。,已有23家主力机构披露2026-06-30报告期持股数据，持仓量总计11.36亿股，占流通A股68.34%,5.6,4.0,6.4,6.8,7.1
002236,大华股份,5.9,86,中性,弱势下跌过程中，可逢高卖出，暂不考虑买进。,上涨趋势有所减缓，可适量高抛低吸。,已有32家主力机构披露2026-06-30报告期持股数据，持仓量总计5.62亿股，占流通A股23.48%,6.3,3.2,5.9,6.5,7.3
002493,荣盛石化,5.9,86,中性,强势上涨过程中，可逢低买进，暂不考虑做空。,有加速下跌的趋势。,已有34家主力机构披露2026-06-30报告期持股数据，持仓量总计69.30亿股，占流通A股74.02%,5.2,5.1,5.3,7.5,7.1
002714,牧原股份,5.9,86,中性,强势上涨过程中，可逢低买进，暂不考虑做空。,上涨趋势有所减缓，可适量高抛低吸。,已有176家主力机构披露2026-06-30报告期持股数据，持仓量总计13.14亿股，占流通A股40.06%,6.2,6.3,5.5,3.8,6.2
600000,浦发银行,5.9,87,中性,弱势下跌过程中，可逢高卖出，暂不考虑买进。,正处于反弹阶段。,已有25家主力机构披露2026-06-30报告期持股数据，持仓量总计1.35亿股，占流通A股0.41%,6.4,5.1,5.5,7.8,5.5
600188,兖矿能源,5.9,87,中性,强势上涨过程中，可逢低买进，暂不考虑做空。,已发现中线买入信号。,已有107家主力机构披露2026-06-30报告期持股数据，持仓量总计2.22亿股，占流通A股3.72%,5.6,4.6,6.3,7.9,6.4
600803,新奥股份,5.9,87,中性,前期的强势行情已经结束，投资者及时卖出股票为为宜。,正处于反弹阶段。,已有19家主力机构披露2026-06-30报告期持股数据，持仓量总计2304.32万股，占流通A股0.75%,5.9,5.2,5.5,7.3,6.3
601377,兴业证券,5.9,87,中性,该股进入多头行情中，股价短线上涨概率较大。,回落整理中且下跌有加速趋势。,已有69家主力机构披露2026-06-30报告期持股数据，持仓量总计39.81亿股，占流通A股46.10%,6.1,4.5,6,7.2,6.0
601728,中国电信,5.9,88,中性,前期的强势行情已经结束，投资者及时卖出股票为为宜。,正处于反弹阶段。,已有54家主力机构披露2026-06-30报告期持股数据，持仓量总计702.12亿股，占流通A股90.44%,6.6,5.5,7.7,1.6,6.1
300308,中际旭创,5.8,83,中性,弱势下跌过程中，可逢高卖出，暂不考虑买进。,下跌有所减缓，仍应保持谨慎。,长期看好，有良好的投资价值。,3.9,5.0,6.7,7.0,7.8
600050,中国联通,5.8,84,中性,弱势下跌过程中，可逢高卖出，暂不考虑买进。,正处于反弹阶段。,已有38家主力机构披露2026-06-30报告期持股数据，持仓量总计208.79亿股，占流通A股67.37%,6.1,5.3,5.5,5.1,6.3
600346,恒力石化,5.8,84,中性,强势上涨过程中，可逢低买进，暂不考虑做空。,有加速下跌的趋势。,已有63家主力机构披露2026-06-30报告期持股数据，持仓量总计47.84亿股，占流通A股67.96%,4.2,5.4,6.3,7.8,7.0
600741,华域汽车,5.8,84,中性,弱势下跌过程中，可逢高卖出，暂不考虑买进。,正处于反弹阶段。,已有18家主力机构披露2026-06-30报告期持股数据，持仓量总计2434.76万股，占流通A股0.77%,4.8,6.3,5.5,5.5,6.8
600760,中航沈飞,5.8,84,中性,强势上涨过程中，可逢低买进，暂不考虑做空。,正处于反弹阶段。,已有59家主力机构披露2026-06-30报告期持股数据，持仓量总计8102.82万股，占流通A股2.87%,7.4,6.5,2.5,5.2,5.7
601186,中国铁建,5.8,84,中性,弱势下跌过程中，可逢高卖出，暂不考虑买进。,正处于反弹阶段。,已有14家主力机构披露2026-06-30报告期持股数据，持仓量总计1944.82万股，占流通A股0.17%,6.2,5.0,5.5,7.2,5.7
601668,中国建筑,5.8,84,中性,弱势下跌过程中，可逢高卖出，暂不考虑买进。,正处于反弹阶段。,已有99家主力机构披露2026-06-30报告期持股数据，持仓量总计6.31亿股，占流通A股1.53%,5.0,5.4,5.5,7.2,6.6
601788,光大证券,5.8,84,中性,该股进入多头行情中，股价短线上涨概率较大。,上涨趋势有所减缓，可适量高抛低吸。,已有12家主力机构披露2026-06-30报告期持股数据，持仓量总计23.22亿股，占流通A股59.44%,6.8,2.8,6,7.2,6.2
601857,中国石油,5.8,84,中性,强势上涨过程中，可逢低买进，暂不考虑做空。,正处于反弹阶段。,已有151家主力机构披露2026-06-30报告期持股数据，持仓量总计5.55亿股，占流通A股0.34%,6.2,3.8,5.5,6.8,6.8
688009,中国通号（688009）,5.8,85,中性,该股进入多头行情中，股价短线上涨概率较大。,正处于反弹阶段。,已有22家主力机构披露2026-06-30报告期持股数据，持仓量总计69.98亿股，占流通A股81.17%,7.1,6.0,6.1,0.0,6.3
000807,云铝股份,5.7,78,中性,弱势下跌过程中，可逢高卖出，暂不考虑买进。,正处于反弹阶段。,已有51家主力机构披露2026-06-30报告期持股数据，持仓量总计6882.84万股，占流通A股1.98%,4.6,3.1,8.4,7.3,6.8
002384,东山精密,5.7,79,中性,该股进入多头行情中，股价短线上涨概率较大。,回落整理中且下跌有加速趋势。,已有925家主力机构披露2026-06-30报告期持股数据，持仓量总计3.77亿股，占流通A股27.19%,5.0,4.5,6.6,3.5,7.9
002594,比亚迪,5.7,79,中性,该股进入多头行情中，股价短线上涨概率较大。,正处于反弹阶段。,已有142家主力机构披露2026-06-30报告期持股数据，持仓量总计7568.09万股，占流通A股2.17%,6.4,4.1,5,6.3,6.4
301165,锐捷网络,5.7,80,中性,弱势下跌过程中，可逢高卖出，暂不考虑买进。,上涨趋势有所减缓，可适量高抛低吸。,已有33家主力机构披露2026-06-30报告期持股数据，持仓量总计9.95亿股，占流通A股89.33%,5.0,6.0,7,3.5,6.5
600233,圆通速递,5.7,80,中性,短期行情可能回暖，可适量买进股票，作短线反弹行情。,正处于反弹阶段。,已有32家主力机构披露2026-06-30报告期持股数据，持仓量总计19.74亿股，占流通A股57.67%,3.8,5.0,7,7.1,7.1
600309,万华化学,5.7,80,中性,该股进入多头行情中，股价短线上涨概率较大。,已发现中线卖出信号。,已有278家主力机构披露2026-06-30报告期持股数据，持仓量总计18.10亿股，占流通A股57.83%,4.0,4.9,8,5.8,6.9
600519,贵州茅台,5.7,80,中性,弱势下跌过程中，可逢高卖出，暂不考虑买进。,正处于反弹阶段。,长期看好，有良好的投资价值。,4.5,6.8,6.3,3.5,6.8
688012,中微公司（688012）,5.7,81,中性,该股进入多头行情中，股价短线上涨概率较大。,回落整理中且下跌有加速趋势。,已有970家主力机构披露2026-06-30报告期持股数据，持仓量总计5.61亿股，占流通A股59.85%,4.3,7.7,7,1.6,6.7
688072,拓荆科技（688072）,5.7,81,中性,弱势下跌过程中，可逢高卖出，暂不考虑买进。,上涨趋势有所减缓，可适量高抛低吸。,已有525家主力机构披露2026-06-30报告期持股数据，持仓量总计1.74亿股，占流通A股61.38%,6.2,4.7,6.1,1.6,7.2
000425,徐工机械,5.6,74,中性,弱势下跌过程中，可逢高卖出，暂不考虑买进。,正处于反弹阶段。,已有102家主力机构披露2026-06-30报告期持股数据，持仓量总计3.83亿股，占流通A股4.25%,5.4,4.6,5.6,3.5,7.3
000596,古井贡酒,5.6,74,中性,弱势下跌过程中，可逢高卖出，暂不考虑买进。,正处于反弹阶段。,已有24家主力机构披露2026-06-30报告期持股数据，持仓量总计4104.82万股，占流通A股10.05%,5.7,5.0,6.2,3.5,6.5
600048,保利发展,5.6,76,中性,该股进入多头行情中，股价短线上涨概率较大。,正处于反弹阶段。,已有42家主力机构披露2026-06-30报告期持股数据，持仓量总计3.99亿股，占流通A股3.34%,5.2,5.7,5.5,5.7,6.2
601066,中信建投,5.6,77,中性,短期行情可能回暖，可适量买进股票，作短线反弹行情。,回落整理中且下跌有加速趋势。,已有26家主力机构披露2026-06-30报告期持股数据，持仓量总计29.72亿股，占流通A股45.75%,4.2,5.5,7.3,3.7,7.2
601633,长城汽车,5.6,77,中性,弱势下跌过程中，可逢高卖出，暂不考虑买进。,正处于反弹阶段。,已有58家主力机构披露2026-06-30报告期持股数据，持仓量总计54.76亿股，占流通A股88.04%,5.1,5.5,4.7,5.2,6.8
601669,中国电建,5.6,77,中性,弱势下跌过程中，可逢高卖出，暂不考虑买进。,正处于反弹阶段。,已有9家主力机构披露2026-06-30报告期持股数据，持仓量总计2682.31万股，占流通A股0.21%,5.2,4.8,5.5,7.2,6.0
603288,海天味业（603288）,5.6,77,中性,弱势下跌过程中，可逢高卖出，暂不考虑买进。,正处于反弹阶段。,已有81家主力机构披露2026-06-30报告期持股数据，持仓量总计7891.89万股，占流通A股1.42%,5.5,7.1,5.5,2.8,5.8
605117,德业股份（605117）,5.6,78,中性,强势上涨过程中，可逢低买进，暂不考虑做空。,有加速下跌的趋势。,已有232家主力机构披露2026-06-30报告期持股数据，持仓量总计6614.92万股，占流通A股5.20%,4.3,5.4,8.4,0.0,7.7
688271,联影医疗（688271）,5.6,78,中性,弱势下跌过程中，可逢高卖出，暂不考虑买进。,正处于反弹阶段。,已有69家主力机构披露2026-06-30报告期持股数据，持仓量总计5.10亿股，占流通A股61.84%,4.4,7.0,7.4,0.0,7.0
000617,中油资本,5.5,69,中性,短期的强势行情可能结束，投资者及时短线卖出、离场观望为宜。,正处于反弹阶段。,已有336家主力机构披露2025-12-31报告期持股数据，持仓量总计105.95亿股，占流通A股83.81%,6.1,5.0,5.5,3.5,5.8
000768,中航西飞,5.5,69,中性,短期行情可能回暖，可适量买进股票，作短线反弹行情。,正处于反弹阶段。,已有35家主力机构披露2026-06-30报告期持股数据，持仓量总计16.12亿股，占流通A股58.06%,5.8,4.3,5.7,6.2,5.9
000938,紫光股份,5.5,70,中性,弱势下跌过程中，可逢高卖出，暂不考虑买进。,有加速上涨趋势。,已有63家主力机构披露2026-06-30报告期持股数据，持仓量总计9556.47万股，占流通A股3.34%,6.2,2.7,5.8,3.5,7.6
002304,洋河股份,5.5,70,中性,弱势下跌过程中，可逢高卖出，暂不考虑买进。,正处于反弹阶段。,已有30家主力机构披露2026-06-30报告期持股数据，持仓量总计1.05亿股，占流通A股6.97%,6.0,5.8,5.5,3.5,5.5
002532,天山铝业,5.5,70,中性,弱势下跌过程中，可逢高卖出，暂不考虑买进。,正处于反弹阶段。,已有22家主力机构披露2026-06-30报告期持股数据，持仓量总计15.56亿股，占流通A股37.90%,4.2,5.0,6,7.3,6.6
300015,爱尔眼科,5.5,71,中性,弱势下跌过程中，可逢高卖出，暂不考虑买进。,正处于反弹阶段。,已有37家主力机构披露2026-06-30报告期持股数据，持仓量总计3.08亿股，占流通A股3.87%,5.3,3.7,5.5,6.3,7.0
300832,新产业,5.5,71,中性,强势上涨过程中，可逢低买进，暂不考虑做空。,正处于反弹阶段。,已有40家主力机构披露2026-06-30报告期持股数据，持仓量总计3.92亿股，占流通A股57.46%,6.5,5.4,5.5,0.0,6.6
600372,中航机载,5.5,72,中性,弱势下跌过程中，可逢高卖出，暂不考虑买进。,正处于反弹阶段。,已有24家主力机构披露2026-06-30报告期持股数据，持仓量总计8369.44万股，占流通A股1.73%,5.5,5.7,5.5,5.2,5.4
600522,中天科技,5.5,72,中性,强势上涨过程中，可逢低买进，暂不考虑做空。,有加速下跌的趋势。,已有132家主力机构披露2026-06-30报告期持股数据，持仓量总计2.36亿股，占流通A股6.91%,3.1,3.6,8.4,6.3,7.7
600845,宝信软件,5.5,72,中性,弱势下跌过程中，可逢高卖出，暂不考虑买进。,正处于反弹阶段。,已有8家主力机构披露2026-06-30报告期持股数据，持仓量总计14.81亿股，占流通A股69.39%,5.1,5.5,5.5,3.5,6.6
601111,中国国航,5.5,73,中性,弱势下跌过程中，可逢高卖出，暂不考虑买进。,有加速下跌的趋势。,已有71家主力机构披露2026-06-30报告期持股数据，持仓量总计2.64亿股，占流通A股2.27%,3.7,6.7,4.9,6.1,6.7
601229,上海银行,5.5,73,中性,强势上涨过程中，可逢低买进，暂不考虑做空。,正处于反弹阶段。,已有69家主力机构披露2026-06-30报告期持股数据，持仓量总计2.78亿股，占流通A股1.96%,6.3,5.2,5.5,4.3,5.2
601607,上海医药,5.5,73,中性,弱势下跌过程中，可逢高卖出，暂不考虑买进。,正处于反弹阶段。,已有6家主力机构披露2026-06-30报告期持股数据，持仓量总计564.12万股，占流通A股0.20%,5.6,4.7,5.6,5.5,5.9
601825,沪农商行,5.5,73,中性,强势上涨过程中，可逢低买进，暂不考虑做空。,正处于反弹阶段。,已有24家主力机构披露2026-06-30报告期持股数据，持仓量总计1.62亿股，占流通A股1.72%,7.4,4.2,5.5,4.3,4.6
603392,万泰生物（603392）,5.5,73,中性,该股进入多头行情中，股价短线上涨概率较大。,正处于反弹阶段。,已有8家主力机构披露2026-06-30报告期持股数据，持仓量总计7.25亿股，占流通A股57.32%,7.1,5.6,5.8,0.0,5.6
605499,东鹏饮料（605499）,5.5,73,中性,弱势下跌过程中，可逢高卖出，暂不考虑买进。,正处于反弹阶段。,已有65家主力机构披露2026-06-30报告期持股数据，持仓量总计8656.98万股，占流通A股12.81%,4.0,5.8,6.6,2.4,7.7
688041,海光信息（688041）,5.5,74,中性,短期行情可能回暖，可适量买进股票，作短线反弹行情。,上涨趋势有所减缓，可适量高抛低吸。,已有1123家主力机构披露2026-06-30报告期持股数据，持仓量总计17.12亿股，占流通A股73.64%,5.4,5.7,7,1.6,6.2
000063,中兴通讯,5.4,64,中性,弱势下跌过程中，可逢高卖出，暂不考虑买进。,有加速上涨趋势。,已有47家主力机构披露2026-06-30报告期持股数据，持仓量总计2.76亿股，占流通A股6.86%,6.4,2.2,6,6.0,6.0
000988,华工科技,5.4,64,中性,前期的强势行情已经结束，投资者及时卖出股票为为宜。,下跌有所减缓，仍应保持谨慎。,已有38家主力机构披露2026-06-30报告期持股数据，持仓量总计651.03万股，占流通A股0.65%,5.2,2.7,5.5,6.3,7.2
002230,科大讯飞,5.4,65,中性,弱势下跌过程中，可逢高卖出，暂不考虑买进。,正处于反弹阶段。,已有76家主力机构披露2026-06-30报告期持股数据，持仓量总计5.29亿股，占流通A股24.15%,5.7,2.7,6,3.5,7.6
002371,北方华创,5.4,65,中性,弱势下跌过程中，可逢高卖出，暂不考虑买进。,回落整理中且下跌有加速趋势。,已有1074家主力机构披露2026-06-30报告期持股数据，持仓量总计5.46亿股，占流通A股75.25%,4.4,5.5,5.5,6.0,6.4
002837,英维克,5.4,65,中性,股价的强势特征已经确立，短线可能回调。,有加速下跌的趋势。,已有58家主力机构披露2026-06-30报告期持股数据，持仓量总计4.15亿股，占流通A股36.65%,5.0,4.7,5.5,3.1,7.4
300124,汇川技术,5.4,66,中性,弱势下跌过程中，可逢高卖出，暂不考虑买进。,有加速下跌的趋势。,已有127家主力机构披露2026-06-30报告期持股数据，持仓量总计8745.25万股，占流通A股3.65%,3.7,4.8,5.5,6.3,7.5
300750,宁德时代,5.4,66,中性,短期行情可能回暖，可适量买进股票，作短线反弹行情。,下跌有所减缓，仍应保持谨慎。,长期一般，有一定的投资价值。,4.8,7.2,6.2,0.0,6.2
300999,金龙鱼,5.4,66,中性,弱势下跌过程中，可逢高卖出，暂不考虑买进。,正处于反弹阶段。,已有12家主力机构披露2026-06-30报告期持股数据，持仓量总计2495.94万股，占流通A股4.60%,6.1,3.6,6.4,3.8,6.0
600010,包钢股份,5.4,67,中性,强势上涨过程中，可逢低买进，暂不考虑做空。,有加速下跌的趋势。,已有23家主力机构披露2026-06-30报告期持股数据，持仓量总计133.56亿股，占流通A股42.65%,4.7,4.9,5.8,6.6,6.1
600011,华能国际,5.4,67,中性,弱势下跌过程中，可逢高卖出，暂不考虑买进。,下跌有所减缓，仍应保持谨慎。,已有57家主力机构披露2026-06-30报告期持股数据，持仓量总计83.25亿股，占流通A股75.70%,5.0,5.0,5.7,5.2,6.2
600029,南方航空,5.4,67,中性,弱势下跌过程中，可逢高卖出，暂不考虑买进。,有加速下跌的趋势。,已有42家主力机构披露2026-06-30报告期持股数据，持仓量总计2.22亿股，占流通A股1.65%,4.2,6.1,4.1,6.1,6.6
600115,中国东航,5.4,67,中性,该股进入多头行情中，股价短线上涨概率较大。,有加速下跌的趋势。,已有66家主力机构披露2026-06-30报告期持股数据，持仓量总计4.31亿股，占流通A股2.53%,4.6,5.6,4.1,6.1,6.5
600276,恒瑞医药,5.4,67,中性,短期行情可能回暖，可适量买进股票，作短线反弹行情。,上涨趋势有所减缓，可适量高抛低吸。,已有426家主力机构披露2026-06-30报告期持股数据，持仓量总计38.00亿股，占流通A股59.58%,4.6,4.7,6.1,6.0,6.1
600426,华鲁恒升,5.4,67,中性,短期行情可能回暖，可适量买进股票，作短线反弹行情。,正处于反弹阶段。,已有112家主力机构披露2026-06-30报告期持股数据，持仓量总计10.24亿股，占流通A股48.42%,5.2,4.3,6.1,3.5,6.9
600482,中国动力,5.4,67,中性,强势上涨过程中，可逢低买进，暂不考虑做空。,正处于反弹阶段。,已有129家主力机构披露2026-06-30报告期持股数据，持仓量总计1.35亿股，占流通A股5.93%,5.4,4.4,6.1,3.5,6.4
600547,山东黄金,5.4,67,中性,强势上涨过程中，可逢低买进，暂不考虑做空。,正处于反弹阶段。,已有64家主力机构披露2026-06-30报告期持股数据，持仓量总计9905.42万股，占流通A股2.74%,6.7,3.9,5.7,3.5,5.7
601985,中国核电（601985）,5.4,68,中性,该股进入多头行情中，股价短线上涨概率较大。,有加速下跌的趋势。,已有92家主力机构披露2026-06-30报告期持股数据，持仓量总计3.32亿股，占流通A股1.76%,5.4,6.1,5.5,1.8,6.2
603019,中科曙光（603019）,5.4,68,中性,弱势下跌过程中，可逢高卖出，暂不考虑买进。,有加速上涨趋势。,已有148家主力机构披露2026-06-30报告期持股数据，持仓量总计3.32亿股，占流通A股22.71%,6.8,2.3,5.5,2.1,7.4
000002,万科A,5.3,59,中性,弱势下跌过程中，可逢高卖出，暂不考虑买进。,正处于反弹阶段。,已有11家主力机构披露2026-06-30报告期持股数据，持仓量总计2.28亿股，占流通A股2.34%,5.5,4.3,4.9,6.5,5.5
000858,五粮液,5.3,60,中性,弱势下跌过程中，可逢高卖出，暂不考虑买进。,正处于反弹阶段。,已有73家主力机构披露2026-06-30报告期持股数据，持仓量总计1.61亿股，占流通A股4.14%,6.0,2.7,6.1,3.5,6.6
002028,思源电气,5.3,60,中性,强势上涨过程中，可逢低买进，暂不考虑做空。,下跌有所减缓，仍应保持谨慎。,已有160家主力机构披露2026-06-30报告期持股数据，持仓量总计2.32亿股，占流通A股38.03%,5.7,3.3,5.5,3.5,7.1
002422,科伦药业,5.3,60,中性,弱势下跌过程中，可逢高卖出，暂不考虑买进。,上涨趋势有所减缓，可适量高抛低吸。,已有169家主力机构披露2026-06-30报告期持股数据，持仓量总计2.57亿股，占流通A股19.68%,6.0,2.2,5.5,6.6,6.5
002648,卫星化学,5.3,60,中性,强势上涨过程中，可逢低买进，暂不考虑做空。,有加速下跌的趋势。,已有54家主力机构披露2026-06-30报告期持股数据，持仓量总计15.44亿股，占流通A股45.87%,4.2,2.9,6,6.5,7.7
002736,国信证券,5.3,61,中性,该股进入多头行情中，股价短线上涨概率较大。,已发现中线卖出信号。,已有17家主力机构披露2026-06-30报告期持股数据，持仓量总计80.25亿股，占流通A股83.48%,5.1,6.8,5.9,3.5,4.7
300059,东方财富,5.3,61,中性,弱势下跌过程中，可逢高卖出，暂不考虑买进。,回落整理中且下跌有加速趋势。,已有248家主力机构披露2026-06-30报告期持股数据，持仓量总计17.97亿股，占流通A股13.42%,4.3,4.1,5.7,7.0,6.4
301269,华大九天,5.3,62,中性,该股进入多头行情中，股价短线上涨概率较大。,有加速上涨趋势。,已有13家主力机构披露2026-06-30报告期持股数据，持仓量总计2842.05万股，占流通A股5.21%,7.2,4.7,5.5,0.0,5.3
600023,浙能电力,5.3,62,中性,该股进入多头行情中，股价短线上涨概率较大。,已发现中线买入信号。,已有13家主力机构披露2026-06-30报告期持股数据，持仓量总计1.70亿股，占流通A股1.27%,7.1,6.9,2.5,1.8,5.0
600031,三一重工,5.3,62,中性,弱势下跌过程中，可逢高卖出，暂不考虑买进。,正处于反弹阶段。,已有182家主力机构披露2026-06-30报告期持股数据，持仓量总计2.25亿股，占流通A股2.66%,5.6,3.5,5.5,3.5,7.1
600809,山西汾酒,5.3,62,中性,弱势下跌过程中，可逢高卖出，暂不考虑买进。,正处于反弹阶段。,已有99家主力机构披露2026-06-30报告期持股数据，持仓量总计1.10亿股，占流通A股9.04%,4.4,4.7,5.5,3.5,7.5
600905,三峡能源,5.3,62,中性,弱势下跌过程中，可逢高卖出，暂不考虑买进。,下跌有所减缓，仍应保持谨慎。,已有57家主力机构披露2026-06-30报告期持股数据，持仓量总计6.73亿股，占流通A股2.35%,6.1,6.3,5.1,1.8,5.2
601816,京沪高铁,5.3,63,中性,弱势下跌过程中，可逢高卖出，暂不考虑买进。,正处于反弹阶段。,已有61家主力机构披露2026-06-30报告期持股数据，持仓量总计1.93亿股，占流通A股0.39%,4.3,5.8,5.5,4.0,6.4
601995,中金公司（601995）,5.3,63,中性,该股进入多头行情中，股价短线上涨概率较大。,已发现中线卖出信号。,已有59家主力机构披露2026-06-30报告期持股数据，持仓量总计9495.86万股，占流通A股3.25%,3.6,5.9,6.2,3.7,7.0
603986,兆易创新（603986）,5.3,63,中性,前期的强势行情已经结束，投资者及时卖出股票为为宜。,回落整理中且下跌有加速趋势。,已有1355家主力机构披露2026-06-30报告期持股数据，持仓量总计1.56亿股，占流通A股23.28%,4.2,5.7,5.8,1.6,7.6
688111,金山办公（688111）,5.3,63,中性,弱势下跌过程中，可逢高卖出，暂不考虑买进。,正处于反弹阶段。,已有99家主力机构披露2026-06-30报告期持股数据，持仓量总计2.93亿股，占流通A股63.25%,4.2,5.5,7.1,0.0,7.7
688256,寒武纪（688256）,5.3,63,中性,弱势下跌过程中，可逢高卖出，暂不考虑买进。,回落整理中且下跌有加速趋势。,长期看好，有良好的投资价值。,3.2,8.1,5.5,1.6,6.8
000100,TCL科技,5.2,54,中性,弱势下跌过程中，可逢高卖出，暂不考虑买进。,回落整理中且下跌有加速趋势。,已有242家主力机构披露2026-06-30报告期持股数据，持仓量总计11.22亿股，占流通A股5.86%,3.4,2.4,8.4,6.8,7.1
000963,华东医药,5.2,54,中性,短期行情可能回暖，可适量买进股票，作短线反弹行情。,上涨趋势有所减缓，可适量高抛低吸。,已有20家主力机构披露2026-06-30报告期持股数据，持仓量总计3578.54万股，占流通A股2.04%,5.1,2.7,5.5,6.6,6.4
000975,山金国际,5.2,54,中性,强势上涨过程中，可逢低买进，暂不考虑做空。,正处于反弹阶段。,已有69家主力机构披露2026-06-30报告期持股数据，持仓量总计11.26亿股，占流通A股44.64%,6.1,3.8,6.6,2.5,5.6
001280,中国铀业,5.2,55,中性,强势上涨过程中，可逢低买进，暂不考虑做空。,有加速下跌的趋势。,已有3家主力机构披露2026-06-30报告期持股数据，持仓量总计51.60万股，占流通A股0.33%,5.0,6.8,5.7,2.8,4.7
002463,沪电股份,5.2,55,中性,该股进入多头行情中，股价短线上涨概率较大。,回落整理中且下跌有加速趋势。,已有451家主力机构披露2026-06-30报告期持股数据，持仓量总计10.31亿股，占流通A股53.63%,5.0,2.7,6.3,3.5,7.5
002602,世纪华通,5.2,55,中性,前期的强势行情已经结束，投资者及时卖出股票为为宜。,正处于反弹阶段。,已有101家主力机构披露2026-06-30报告期持股数据，持仓量总计2.96亿股，占流通A股4.35%,5.4,2.8,5.2,3.5,7.4
300122,智飞生物,5.2,56,中性,股价的强势特征已经确立，短线可能回调。,正处于反弹阶段。,已有8家主力机构披露2026-06-30报告期持股数据，持仓量总计342.65万股，占流通A股0.24%,7.0,1.8,4.4,7.2,5.6
600362,江西铜业,5.2,57,中性,该股进入多头行情中，股价短线上涨概率较大。,有加速下跌的趋势。,已有58家主力机构披露2026-06-30报告期持股数据，持仓量总计1.22亿股，占流通A股5.86%,5.2,2.4,5.9,7.7,6.1
600515,海南机场,5.2,57,中性,弱势下跌过程中，可逢高卖出，暂不考虑买进。,正处于反弹阶段。,已有10家主力机构披露2026-06-30报告期持股数据，持仓量总计48.86亿股，占流通A股53.25%,4.0,5.5,5.7,6.1,5.6
600600,青岛啤酒,5.2,58,中性,弱势下跌过程中，可逢高卖出，暂不考虑买进。,正处于反弹阶段。,已有17家主力机构披露2026-06-30报告期持股数据，持仓量总计2152.63万股，占流通A股3.04%,4.3,4.2,5.5,5.9,6.8
601877,正泰电器（601877）,5.2,58,中性,强势上涨过程中，可逢低买进，暂不考虑做空。,已发现中线卖出信号。,已有58家主力机构披露2026-06-30报告期持股数据，持仓量总计13.34亿股，占流通A股62.08%,3.9,5.0,6.5,3.5,6.7
601881,中国银河（601881）,5.2,58,中性,弱势下跌过程中，可逢高卖出，暂不考虑买进。,上涨趋势有所减缓，可适量高抛低吸。,已有16家主力机构披露2026-06-30报告期持股数据，持仓量总计1555.96万股，占流通A股0.21%,6.2,4.5,5.2,3.7,5.1
603259,药明康德（603259）,5.2,58,中性,强势上涨过程中，可逢低买进，暂不考虑做空。,已发现中线卖出信号。,已有797家主力机构披露2026-06-30报告期持股数据，持仓量总计10.93亿股，占流通A股44.20%,4.5,5.3,6.2,1.8,6.7
603893,瑞芯微（603893）,5.2,58,中性,弱势下跌过程中，可逢高卖出，暂不考虑买进。,有加速上涨趋势。,已有30家主力机构披露2026-06-30报告期持股数据，持仓量总计5325.71万股，占流通A股12.59%,5.0,3.9,6.6,1.6,6.9
688008,澜起科技（688008）,5.2,59,中性,弱势下跌过程中，可逢高卖出，暂不考虑买进。,回落整理中且下跌有加速趋势。,已有716家主力机构披露2026-06-30报告期持股数据，持仓量总计1.78亿股，占流通A股15.49%,4.0,5.5,8.4,1.6,5.9
000625,长安汽车,5.1,49,中性,弱势下跌过程中，可逢高卖出，暂不考虑买进。,正处于反弹阶段。,已有14家主力机构披露2026-06-30报告期持股数据，持仓量总计2076.50万股，占流通A股0.25%,5.4,4.3,4.8,6.3,4.9
002600,领益智造,5.1,50,中性,弱势下跌过程中，可逢高卖出，暂不考虑买进。,有加速下跌的趋势。,已有33家主力机构披露2026-06-30报告期持股数据，持仓量总计1.51亿股，占流通A股2.10%,3.2,3.9,5.5,6.7,7.3
002920,德赛西威,5.1,51,中性,弱势下跌过程中，可逢高卖出，暂不考虑买进。,正处于反弹阶段。,已有13家主力机构披露2026-06-30报告期持股数据，持仓量总计3.53亿股，占流通A股59.12%,4.3,4.7,5.5,3.0,6.9
300661,圣邦股份,5.1,51,中性,强势上涨过程中，可逢低买进，暂不考虑做空。,回落整理中且下跌有加速趋势。,已有161家主力机构披露2026-06-30报告期持股数据，持仓量总计8004.49万股，占流通A股13.31%,4.5,5.4,5,2.5,6.8
600176,中国巨石,5.1,52,中性,弱势下跌过程中，可逢高卖出，暂不考虑买进。,回落整理中且下跌有加速趋势。,已有453家主力机构披露2026-06-30报告期持股数据，持仓量总计24.82亿股，占流通A股62.48%,2.6,3.5,7,6.3,7.8
600489,中金黄金,5.1,52,中性,强势上涨过程中，可逢低买进，暂不考虑做空。,正处于反弹阶段。,已有68家主力机构披露2026-06-30报告期持股数据，持仓量总计1.86亿股，占流通A股3.84%,6.4,2.9,7.1,3.5,4.7
600893,航发动力,5.1,53,中性,强势上涨过程中，可逢低买进，暂不考虑做空。,有加速下跌的趋势。,已有82家主力机构披露2026-06-30报告期持股数据，持仓量总计16.69亿股，占流通A股62.63%,4.0,4.9,6.3,5.2,5.8
601868,中国能建（601868）,5.1,53,中性,弱势下跌过程中，可逢高卖出，暂不考虑买进。,有加速下跌的趋势。,已有7家主力机构披露2026-06-30报告期持股数据，持仓量总计4465.26万股，占流通A股0.14%,3.5,5.6,5.5,3.8,7.0
603369,今世缘（603369）,5.1,53,中性,弱势下跌过程中，可逢高卖出，暂不考虑买进。,正处于反弹阶段。,已有28家主力机构披露2026-06-30报告期持股数据，持仓量总计7.77亿股，占流通A股62.30%,5.0,4.9,6.1,0.0,7.0
688082,盛美上海（688082）,5.1,54,中性,盘整震荡中，短期不宜操作。,回落整理中且下跌有加速趋势。,已有118家主力机构披露2026-06-30报告期持股数据，持仓量总计4.00亿股，占流通A股83.68%,3.3,7.2,6.3,1.6,6.3
688981,中芯国际（688981）,5.1,54,中性,弱势下跌过程中，可逢高卖出，暂不考虑买进。,有加速上涨趋势。,已有820家主力机构披露2026-06-30报告期持股数据，持仓量总计3.56亿股，占流通A股17.79%,6.8,2.9,5.5,1.6,5.9
002353,杰瑞股份,5.0,45,中性,弱势下跌过程中，可逢高卖出，暂不考虑买进。,回落整理中且下跌有加速趋势。,已有347家主力机构披露2026-06-30报告期持股数据，持仓量总计1.91亿股，占流通A股27.67%,4.2,3.0,6.1,6.6,6.1
002916,深南电路,5.0,45,中性,弱势下跌过程中，可逢高卖出，暂不考虑买进。,回落整理中且下跌有加速趋势。,已有279家主力机构披露2026-06-30报告期持股数据，持仓量总计4854.56万股，占流通A股7.30%,4.1,4.6,7.3,0.0,7.1
301236,软通动力,5.0,47,中性,弱势下跌过程中，可逢高卖出，暂不考虑买进。,已发现中线买入信号。,已有22家主力机构披露2026-06-30报告期持股数据，持仓量总计1.64亿股，占流通A股20.92%,7.2,1.7,5.5,0.0,6.6
600085,同仁堂,5.0,47,中性,弱势下跌过程中，可逢高卖出，暂不考虑买进。,正处于反弹阶段。,已有5家主力机构披露2026-06-30报告期持股数据，持仓量总计785.71万股，占流通A股0.57%,4.3,3.8,5.5,6.6,5.7
600118,中国卫星,5.0,47,中性,弱势下跌过程中，可逢高卖出，暂不考虑买进。,有加速上涨趋势。,已有52家主力机构披露2026-06-30报告期持股数据，持仓量总计6.84亿股，占流通A股57.87%,5.4,2.2,6,5.2,6.2
601136,首创证券,5.0,48,中性,弱势下跌过程中，可逢高卖出，暂不考虑买进。,正处于反弹阶段。,已有9家主力机构披露2026-06-30报告期持股数据，持仓量总计23.17亿股，占流通A股84.77%,4.6,5.6,5.7,3.7,5.3
601138,工业富联,5.0,48,中性,弱势下跌过程中，可逢高卖出，暂不考虑买进。,有加速下跌的趋势。,已有362家主力机构披露2026-06-30报告期持股数据，持仓量总计174.21亿股，占流通A股87.79%,2.6,5.5,6.3,2.8,7.6
601211,国泰海通,5.0,48,中性,弱势下跌过程中，可逢高卖出，暂不考虑买进。,回落整理中且下跌有加速趋势。,已有272家主力机构披露2026-06-30报告期持股数据，持仓量总计61.63亿股，占流通A股45.67%,4.2,4.8,5.9,3.7,6.3
601238,广汽集团,5.0,48,中性,弱势下跌过程中，可逢高卖出，暂不考虑买进。,正处于反弹阶段。,已有253家主力机构披露2025-12-31报告期持股数据，持仓量总计9.35亿股，占流通A股12.67%,5.6,6.6,2.5,5.2,4.6
601456,国联民生,5.0,48,中性,弱势下跌过程中，可逢高卖出，暂不考虑买进。,下跌有所减缓，仍应保持谨慎。,已有2家主力机构披露2026-06-30报告期持股数据，持仓量总计58.33万股，占流通A股0.01%,4.8,5.0,5.5,3.7,5.5
688183,生益电子（688183）,5.0,49,中性,该股进入多头行情中，股价短线上涨概率较大。,有加速下跌的趋势。,已有35家主力机构披露2026-06-30报告期持股数据，持仓量总计6.24亿股，占流通A股74.53%,3.2,5.2,7,0.0,7.7
688506,百利天恒（688506）,5.0,49,中性,短期行情可能回暖，可适量买进股票，作短线反弹行情。,上涨趋势有所减缓，可适量高抛低吸。,已有109家主力机构披露2026-06-30报告期持股数据，持仓量总计3081.68万股，占流通A股7.46%,4.6,6.8,5.5,2.5,4.8
688521,芯原股份（688521）,5.0,49,中性,弱势下跌过程中，可逢高卖出，暂不考虑买进。,回落整理中且下跌有加速趋势。,已有448家主力机构披露2026-06-30报告期持股数据，持仓量总计2.47亿股，占流通A股46.88%,3.5,6.6,5.5,1.6,6.7
000408,藏格矿业,4.9,39,减持,弱势下跌过程中，可逢高卖出，暂不考虑买进。,已发现中线卖出信号。,已有87家主力机构披露2026-06-30报告期持股数据，持仓量总计9.06亿股，占流通A股57.75%,3.0,4.8,7.2,3.5,6.4
002938,鹏鼎控股,4.9,40,减持,弱势下跌过程中，可逢高卖出，暂不考虑买进。,下跌有所减缓，仍应保持谨慎。,已有110家主力机构披露2026-06-30报告期持股数据，持仓量总计18.09亿股，占流通A股78.32%,4.5,5.8,5.6,0.0,6.2
600196,复星医药,4.9,41,减持,弱势下跌过程中，可逢高卖出，暂不考虑买进。,有加速上涨趋势。,已有44家主力机构披露2026-06-30报告期持股数据，持仓量总计10.60亿股，占流通A股50.03%,5.0,2.2,5.6,6.0,5.9
600219,南山铝业,4.9,41,减持,强势上涨过程中，可逢低买进，暂不考虑做空。,正处于反弹阶段。,已有13家主力机构披露2026-06-30报告期持股数据，持仓量总计60.06亿股，占流通A股52.30%,4.0,3.3,6.7,7.7,5.1
600460,士兰微,4.9,42,减持,强势上涨过程中，可逢低买进，暂不考虑做空。,回落整理中且下跌有加速趋势。,已有65家主力机构披露2026-06-30报告期持股数据，持仓量总计7.02亿股，占流通A股42.20%,5.1,2.1,6.6,5.1,5.9
600570,恒生电子,4.9,42,减持,弱势下跌过程中，可逢高卖出，暂不考虑买进。,正处于反弹阶段。,已有44家主力机构披露2026-06-30报告期持股数据，持仓量总计5.42亿股，占流通A股28.61%,4.4,3.1,6.9,3.5,6.3
600588,用友网络,4.9,42,减持,弱势下跌过程中，可逢高卖出，暂不考虑买进。,下跌有所减缓，仍应保持谨慎。,已有17家主力机构披露2026-06-30报告期持股数据，持仓量总计17.97亿股，占流通A股52.60%,3.6,4.3,5.8,3.5,6.9
601021,春秋航空,4.9,42,减持,弱势下跌过程中，可逢高卖出，暂不考虑买进。,有加速下跌的趋势。,已有62家主力机构披露2026-06-30报告期持股数据，持仓量总计3345.25万股，占流通A股3.42%,3.9,5.4,5.5,2.6,6.4
601360,三六零,4.9,42,减持,弱势下跌过程中，可逢高卖出，暂不考虑买进。,正处于反弹阶段。,已有31家主力机构披露2026-06-30报告期持股数据，持仓量总计35.43亿股，占流通A股50.62%,5.0,3.7,6.8,0.0,6.5
601888,中国中免（601888）,4.9,42,减持,弱势下跌过程中，可逢高卖出，暂不考虑买进。,有加速下跌的趋势。,已有45家主力机构披露2026-06-30报告期持股数据，持仓量总计11.71亿股，占流通A股59.95%,2.6,4.4,6,6.5,6.6
603501,豪威集团（603501）,4.9,43,减持,弱势下跌过程中，可逢高卖出，暂不考虑买进。,上涨趋势有所减缓，可适量高抛低吸。,已有26家主力机构披露2026-06-30报告期持股数据，持仓量总计2.92亿股，占流通A股24.15%,5.2,4.4,5.6,1.6,5.7
000568,泸州老窖,4.8,34,减持,该股处于空头行情中，可能有短期反弹。,正处于反弹阶段。,已有100家主力机构披露2026-06-30报告期持股数据，持仓量总计10.09亿股，占流通A股68.56%,4.6,3.9,5.6,3.5,6.0
000792,盐湖股份,4.8,34,减持,该股进入多头行情中，股价短线上涨概率较大。,有加速下跌的趋势。,已有113家主力机构披露2026-06-30报告期持股数据，持仓量总计26.60亿股，占流通A股50.28%,4.2,2.8,6.3,3.5,6.9
001979,招商蛇口,4.8,34,减持,该股进入多头行情中，股价短线上涨概率较大。,正处于反弹阶段。,已有62家主力机构披露2026-06-30报告期持股数据，持仓量总计3.20亿股，占流通A股3.81%,5.1,3.7,4.7,3.0,6.3
300413,芒果超媒,4.8,35,减持,短期行情可能回暖，可适量买进股票，作短线反弹行情。,正处于反弹阶段。,已有17家主力机构披露2026-06-30报告期持股数据，持仓量总计5.05亿股，占流通A股49.44%,4.3,3.8,5.5,2.5,6.5
300418,昆仑万维,4.8,35,减持,弱势下跌过程中，可逢高卖出，暂不考虑买进。,上涨趋势有所减缓，可适量高抛低吸。,已有32家主力机构披露2026-06-30报告期持股数据，持仓量总计2.41亿股，占流通A股20.53%,5.5,3.6,5.9,0.0,6.1
300896,爱美客,4.8,36,减持,弱势下跌过程中，可逢高卖出，暂不考虑买进。,正处于反弹阶段。,已有9家主力机构披露2026-06-30报告期持股数据，持仓量总计5775.65万股，占流通A股26.13%,4.4,4.2,6.1,2.8,5.6
302132,中航成飞,4.8,36,减持,弱势下跌过程中，可逢高卖出，暂不考虑买进。,已发现中线卖出信号。,已有14家主力机构披露2026-06-30报告期持股数据，持仓量总计3.36亿股，占流通A股57.34%,3.6,6.8,5.6,2.7,4.9
600183,生益科技,4.8,36,减持,强势上涨过程中，可逢低买进，暂不考虑做空。,回落整理中且下跌有加速趋势。,已有525家主力机构披露2026-06-30报告期持股数据，持仓量总计15.33亿股，占流通A股64.01%,3.8,2.8,6,3.5,7.6
601727,上海电气,4.8,37,减持,弱势下跌过程中，可逢高卖出，暂不考虑买进。,正处于反弹阶段。,已有5家主力机构披露2026-06-30报告期持股数据，持仓量总计3924.94万股，占流通A股0.31%,4.5,2.3,6,3.5,7.0
688126,沪硅产业（688126）,4.8,38,减持,弱势下跌过程中，可逢高卖出，暂不考虑买进。,回落整理中且下跌有加速趋势。,已有53家主力机构披露2026-06-30报告期持股数据，持仓量总计15.08亿股，占流通A股53.06%,3.2,6.1,6,1.6,6.1
000657,中钨高新,4.7,29,减持,前期的强势行情已经结束，投资者及时卖出股票为为宜。,有加速下跌的趋势。,已有172家主力机构披露2026-06-30报告期持股数据，持仓量总计8.45亿股，占流通A股58.19%,2.3,2.9,5.9,6.2,7.6
000725,京东方A,4.7,29,减持,弱势下跌过程中，可逢高卖出，暂不考虑买进。,回落整理中且下跌有加速趋势。,已有325家主力机构披露2026-06-30报告期持股数据，持仓量总计9.91亿股，占流通A股2.73%,3.4,1.4,7,6.8,6.6
001391,国货航,4.7,29,减持,弱势下跌过程中，可逢高卖出，暂不考虑买进。,正处于反弹阶段。,已有216家主力机构披露2025-12-31报告期持股数据，持仓量总计6.79亿股，占流通A股44.66%,4.7,4.1,5.5,3.5,5.0
002001,新和成,4.7,29,减持,短期行情可能回暖，可适量买进股票，作短线反弹行情。,有加速下跌的趋势。,已有119家主力机构披露2026-06-30报告期持股数据，持仓量总计19.11亿股，占流通A股62.93%,2.6,1.8,7.7,6.6,7.1
002074,国轩高科,4.7,29,减持,该股进入多头行情中，股价短线上涨概率较大。,有加速下跌的趋势。,已有11家主力机构披露2026-06-30报告期持股数据，持仓量总计7.18亿股，占流通A股41.36%,4.5,2.4,6.1,3.5,6.3
002179,中航光电,4.7,29,减持,弱势下跌过程中，可逢高卖出，暂不考虑买进。,回落整理中且下跌有加速趋势。,已有102家主力机构披露2026-06-30报告期持股数据，持仓量总计1.10亿股，占流通A股5.24%,3.8,3.4,5.5,3.5,6.8
002466,天齐锂业,4.7,29,减持,该股进入多头行情中，股价短线上涨概率较大。,有加速下跌的趋势。,已有85家主力机构披露2026-06-30报告期持股数据，持仓量总计7175.14万股，占流通A股4.86%,3.5,3.4,6.9,3.5,6.4
300014,亿纬锂能,4.7,30,减持,该股进入多头行情中，股价短线上涨概率较大。,有加速下跌的趋势。,已有186家主力机构披露2026-06-30报告期持股数据，持仓量总计8.78亿股，占流通A股41.53%,4.4,2.4,5.9,3.5,6.5
600160,巨化股份,4.7,31,减持,弱势下跌过程中，可逢高卖出，暂不考虑买进。,回落整理中且下跌有加速趋势。,已有141家主力机构披露2026-06-30报告期持股数据，持仓量总计16.46亿股，占流通A股60.96%,3.4,2.0,6.4,5.8,7.0
600875,东方电气,4.7,32,减持,弱势下跌过程中，可逢高卖出，暂不考虑买进。,正处于反弹阶段。,已有41家主力机构披露2026-06-30报告期持股数据，持仓量总计10.85亿股，占流通A股47.92%,4.4,2.8,5.5,3.5,6.6
601100,恒立液压,4.7,32,减持,该股处于空头行情中，可能有短期反弹。,有加速下跌的趋势。,已有134家主力机构披露2026-06-30报告期持股数据，持仓量总计10.98亿股，占流通A股81.92%,2.3,5.2,6.4,3.5,6.8
002460,赣锋锂业,4.6,25,减持,强势上涨过程中，可逢低买进，暂不考虑做空。,有加速下跌的趋势。,已有92家主力机构披露2026-06-30报告期持股数据，持仓量总计7885.94万股，占流通A股6.51%,3.6,2.9,5.8,3.5,6.8
301308,江波龙,4.6,26,减持,弱势下跌过程中，可逢高卖出，暂不考虑买进。,回落整理中且下跌有加速趋势。,已有237家主力机构披露2026-06-30报告期持股数据，持仓量总计7523.77万股，占流通A股26.69%,3.0,3.4,6.1,2.5,7.3
600221,海航控股,4.6,27,减持,弱势下跌过程中，可逢高卖出，暂不考虑买进。,有加速下跌的趋势。,已有15家主力机构披露2026-06-30报告期持股数据，持仓量总计223.39亿股，占流通A股52.14%,2.7,3.7,5.5,6.1,6.3
600406,国电南瑞,4.6,27,减持,弱势下跌过程中，可逢高卖出，暂不考虑买进。,已发现中线卖出信号。,已有39家主力机构披露2026-06-30报告期持股数据，持仓量总计1.61亿股，占流通A股2.01%,3.0,5.1,5.6,3.5,5.8
600436,片仔癀,4.6,27,减持,弱势下跌过程中，可逢高卖出，暂不考虑买进。,正处于反弹阶段。,已有19家主力机构披露2026-06-30报告期持股数据，持仓量总计955.04万股，占流通A股1.58%,3.8,3.3,5.7,6.6,5.3
601698,中国卫通,4.6,27,减持,弱势下跌过程中，可逢高卖出，暂不考虑买进。,正处于反弹阶段。,已有40家主力机构披露2026-06-30报告期持股数据，持仓量总计33.98亿股，占流通A股80.44%,5.0,4.8,5.5,1.7,4.5
601878,浙商证券（601878）,4.6,27,减持,弱势下跌过程中，可逢高卖出，暂不考虑买进。,已发现中线卖出信号。,已有15家主力机构披露2026-06-30报告期持股数据，持仓量总计25.81亿股，占流通A股56.44%,3.6,3.3,5.6,3.7,6.6
601901,方正证券（601901）,4.6,27,减持,弱势下跌过程中，可逢高卖出，暂不考虑买进。,回落整理中且下跌有加速趋势。,已有1家主力机构披露2026-06-30报告期持股数据，持仓量总计320.00万股，占流通A股0.04%,3.9,2.6,4.5,7.2,6.1
688047,龙芯中科（688047）,4.6,28,减持,弱势下跌过程中，可逢高卖出，暂不考虑买进。,正处于反弹阶段。,已有23家主力机构披露2026-06-30报告期持股数据，持仓量总计334.08万股，占流通A股0.83%,4.3,6.3,5.5,1.6,4.2
688396,华润微（688396）,4.6,28,减持,弱势下跌过程中，可逢高卖出，暂不考虑买进。,回落整理中且下跌有加速趋势。,已有88家主力机构披露2026-06-30报告期持股数据，持仓量总计9.59亿股，占流通A股72.19%,3.2,4.7,7.4,1.6,5.9
300476,胜宏科技,4.5,21,减持,盘整震荡中，短期不宜操作。,下跌有所减缓，仍应保持谨慎。,已有194家主力机构披露2026-06-30报告期持股数据，持仓量总计4038.85万股，占流通A股4.71%,4.8,2.3,5.5,0.0,7.2
600089,特变电工,4.5,22,减持,短期行情可能回暖，可适量买进股票，作短线反弹行情。,有加速下跌的趋势。,已有65家主力机构披露2026-06-30报告期持股数据，持仓量总计13.34亿股，占流通A股26.40%,2.6,1.9,6,7.1,7.1
600584,长电科技,4.5,22,减持,弱势下跌过程中，可逢高卖出，暂不考虑买进。,回落整理中且下跌有加速趋势。,已有84家主力机构披露2026-06-30报告期持股数据，持仓量总计5.72亿股，占流通A股31.94%,3.3,1.7,7,5.1,6.4
600958,东方证券,4.5,23,减持,该股进入多头行情中，股价短线上涨概率较大。,有加速下跌的趋势。,已有51家主力机构披露2026-06-30报告期持股数据，持仓量总计4.55亿股，占流通A股6.10%,3.8,5.3,4.1,3.7,5.4
002709,天赐材料,4.4,16,减持,弱势下跌过程中，可逢高卖出，暂不考虑买进。,有加速下跌的趋势。,已有126家主力机构披露2026-06-30报告期持股数据，持仓量总计1.85亿股，占流通A股12.25%,3.7,2.1,6.3,0.0,7.5
300274,阳光电源,4.4,17,减持,该股进入多头行情中，股价短线上涨概率较大。,有加速下跌的趋势。,已有585家主力机构披露2026-06-30报告期持股数据，持仓量总计1.64亿股，占流通A股10.30%,4.0,2.5,5.5,3.5,6.2
601127,赛力斯,4.4,18,减持,弱势下跌过程中，可逢高卖出，暂不考虑买进。,正处于反弹阶段。,已有27家主力机构披露2026-06-30报告期持股数据，持仓量总计8.66亿股，占流通A股55.59%,4.0,2.7,5.5,1.8,6.6
002049,紫光国微,4.3,13,减持,弱势下跌过程中，可逢高卖出，暂不考虑买进。,已发现中线卖出信号。,已有37家主力机构披露2026-06-30报告期持股数据，持仓量总计2.70亿股，占流通A股31.82%,3.2,2.1,5.5,6.0,6.0
300316,晶盛机电,4.3,13,减持,强势上涨过程中，可逢低买进，暂不考虑做空。,有加速下跌的趋势。,已有68家主力机构披露2026-06-30报告期持股数据，持仓量总计7.71亿股，占流通A股62.57%,3.7,1.8,6.4,3.5,6.0
300442,润泽科技,4.3,13,减持,弱势下跌过程中，可逢高卖出，暂不考虑买进。,已发现中线卖出信号。,已有55家主力机构披露2026-06-30报告期持股数据，持仓量总计1755.14万股，占流通A股1.08%,2.4,4.5,5,2.5,6.8
300803,指南针,4.3,14,减持,该股进入多头行情中，股价短线上涨概率较大。,有加速下跌的趋势。,已有40家主力机构披露2026-06-30报告期持股数据，持仓量总计1730.25万股，占流通A股2.86%,3.5,2.6,5.5,0.0,7.7
601689,拓普集团,4.3,15,减持,弱势下跌过程中，可逢高卖出，暂不考虑买进。,已发现中线卖出信号。,已有64家主力机构披露2026-06-30报告期持股数据，持仓量总计3125.25万股，占流通A股1.80%,1.6,4.6,5.5,2.0,7.4
688472,阿特斯（688472）,4.3,15,减持,弱势下跌过程中，可逢高卖出，暂不考虑买进。,已发现中线卖出信号。,已有11家主力机构披露2026-06-30报告期持股数据，持仓量总计2464.25万股，占流通A股1.83%,2.3,6.1,5.5,0.0,6.3
000338,潍柴动力,4.2,10,减持,弱势下跌过程中，可逢高卖出，暂不考虑买进。,已发现中线卖出信号。,已有178家主力机构披露2026-06-30报告期持股数据，持仓量总计1.79亿股，占流通A股3.57%,1.5,2.5,5.5,6.5,7.1
300251,光线传媒,4.2,10,减持,弱势下跌过程中，可逢高卖出，暂不考虑买进。,正处于反弹阶段。,已有12家主力机构披露2026-06-30报告期持股数据，持仓量总计13.41亿股，占流通A股48.70%,5.3,2.3,6,3.5,3.8
300408,三环集团,4.2,10,减持,弱势下跌过程中，可逢高卖出，暂不考虑买进。,有加速下跌的趋势。,已有660家主力机构披露2026-06-30报告期持股数据，持仓量总计2.65亿股，占流通A股14.17%,2.8,4.3,6.1,0.0,6.2
600549,厦门钨业,4.2,11,减持,弱势下跌过程中，可逢高卖出，暂不考虑买进。,有加速下跌的趋势。,已有257家主力机构披露2026-06-30报告期持股数据，持仓量总计8.50亿股，占流通A股54.69%,2.3,1.9,6.1,5.2,6.9
002050,三花智控,4.1,7,减持,弱势下跌过程中，可逢高卖出，暂不考虑买进。,已发现中线卖出信号。,已有116家主力机构披露2026-06-30报告期持股数据，持仓量总计1.63亿股，占流通A股4.42%,1.9,2.2,5.5,6.5,6.6
002202,金风科技,4.1,7,减持,弱势下跌过程中，可逢高卖出，暂不考虑买进。,有加速下跌的趋势。,已有32家主力机构披露2026-06-30报告期持股数据，持仓量总计11.57亿股，占流通A股34.40%,2.6,2.3,5.8,3.5,6.7
600111,北方稀土,4.1,8,减持,弱势下跌过程中，可逢高卖出，暂不考虑买进。,有加速下跌的趋势。,已有87家主力机构披露2026-06-30报告期持股数据，持仓量总计17.34亿股，占流通A股47.96%,2.5,2.2,6,5.2,6.1
603260,合盛硅业（603260）,4.1,9,减持,弱势下跌过程中，可逢高卖出，暂不考虑买进。,有加速下跌的趋势。,已有25家主力机构披露2026-06-30报告期持股数据，持仓量总计4.68亿股，占流通A股39.57%,2.0,5.2,5.6,2.3,5.4
000157,中联重科,4.0,5,减持,弱势下跌过程中，可逢高卖出，暂不考虑买进。,已发现中线卖出信号。,已有35家主力机构披露2026-06-30报告期持股数据，持仓量总计5767.71万股，占流通A股0.82%,3.3,2.7,5.5,3.5,5.3
688223,晶科能源（688223）,4.0,7,减持,弱势下跌过程中，可逢高卖出，暂不考虑买进。,已发现中线卖出信号。,已有15家主力机构披露2026-06-30报告期持股数据，持仓量总计1.53亿股，占流通A股1.49%,2.2,4.9,5.5,0.0,6.1
002625,光启技术,3.9,3,卖出,弱势下跌过程中，可逢高卖出，暂不考虑买进。,已发现中线卖出信号。,已有24家主力机构披露2026-06-30报告期持股数据，持仓量总计7.47亿股，占流通A股34.66%,2.0,2.6,5.3,6.2,5.4
603799,华友钴业（603799）,3.9,5,卖出,弱势下跌过程中，可逢高卖出，暂不考虑买进。,有加速下跌的趋势。,已有98家主力机构披露2026-06-30报告期持股数据，持仓量总计5.50亿股，占流通A股29.13%,3.1,2.5,5.6,0.0,6.6
688303,大全能源（688303）,3.9,5,卖出,弱势下跌过程中，可逢高卖出，暂不考虑买进。,有加速下跌的趋势。,已有12家主力机构披露2026-06-30报告期持股数据，持仓量总计16.53亿股，占流通A股77.06%,2.3,5.4,5.5,0.0,5.3
300450,先导智能,3.7,1,卖出,弱势下跌过程中，可逢高卖出，暂不考虑买进。,有加速下跌的趋势。,已有29家主力机构披露2026-06-30报告期持股数据，持仓量总计1033.09万股，占流通A股0.66%,3.1,2.2,5.5,0.0,6.1
600438,通威股份,3.6,1,卖出,弱势下跌过程中，可逢高卖出，暂不考虑买进。,已发现中线卖出信号。,已有29家主力机构披露2026-06-30报告期持股数据，持仓量总计8437.11万股，占流通A股1.87%,1.8,2.7,4.1,3.5,6.4
601012,隆基绿能,3.2,0,卖出,短期行情可能回暖，可适量买进股票，作短线反弹行情。,已发现中线卖出信号。,已有75家主力机构披露2026-06-30报告期持股数据，持仓量总计2.42亿股，占流通A股3.19%,1.9,2.4,2.5,3.5,5.9
300033,同花顺,,,,,,,,,,,
